{
  "Logistic Regression": {
    "accuracy": 0.541727672035139,
    "precision": 0.6601830663615561,
    "recall": 0.5430588235294118,
    "f1": 0.5959204750839143,
    "roc_auc": 0.572836844505244
  },
  "Random Forest": {
    "accuracy": 0.5522693997071743,
    "precision": 0.6410984848484849,
    "recall": 0.6371764705882353,
    "f1": 0.6391314609393439,
    "roc_auc": 0.5730743274053808
  },
  "XGBoost": {
    "accuracy": 0.6228404099560761,
    "precision": 0.6261682242990654,
    "recall": 0.9774117647058823,
    "f1": 0.7633223079750092,
    "roc_auc": 0.575216415868673
  },
  "Neural Network": {
    "accuracy": 0.5575402635431917,
    "precision": 0.6386630532971996,
    "recall": 0.6654117647058824,
    "f1": 0.6517630790504725,
    "roc_auc": 0.5553028727770177
  }
}
